dataset_id,title,version,year,modality,fruit,independent_fruits,observations,labels,license,access_status,acquisition_status,local_path,archive_bytes,sha256_or_commit,landing_url,download_url,citation_doi,validation_use,notes
hass_rgb_xavier_2024,'Hass' Avocado Ripening Photographic Dataset,1,2024,RGB longitudinal,Hass avocado,478,"14,722 workbook rows; 14,710 JPEGs","storage group; fruit sample; day; side; five-stage ripening index",CC BY 4.0,public direct download,ACQUIRED_COMPLETE,data/raw/hass_avocado_mendeley_v1,418384370,FB14C3D8C6FB59A20BFFB579A5FE97C7EBA7030F4420882E8A75B575FF0C5BB6,https://data.mendeley.com/datasets/3xd9n945v8/1,https://data.mendeley.com/public-api/zip/3xd9n945v8/download/1,10.17632/3xd9n945v8.1,Primary EDA and fruit-grouped RGB baselines,"Twelve workbook rows have no JPEG; no unlisted JPEGs; paper states 14,710 photographs."
avocado_strawberry_kamat_2024,Comprehensive Dataset on Ripening Stages of Strawberries and Avocados: From Unripe to Rotten,1,2024,RGB still images and augmentation outputs,avocado and strawberry,,"Landing advertises 1,333 originals and 14,630 total; acquired ZIP exposes 760 JPG and 1,334 TXT entries","four stages; YOLO-style text files",CC BY 4.0,public direct download,ACQUIRED_ARCHIVE_QUALITY_CONCERN,data/raw/Avocado-Strawberry-Ripening-Stages-v1.zip,2110769149,48B8E6B84DD3C58643F624C12689AF6E81A73E2A4CA8D7EB5BBFA7C507BE4224,https://data.mendeley.com/datasets/zysvgmxcyz/1,https://data.mendeley.com/public-api/zip/zysvgmxcyz/download/1,10.17632/zysvgmxcyz.1,Not used for longitudinal inference,"Archive includes a bundled YOLOv5 Git repository and does not expose the advertised image count as ordinary JPEG files; fruit identity and augmentation lineage are not established."
deephs_fruit_v2,DeepHS Fruit v2,2024 update,"2023 release; 2024 annotations",VIS/NIR hyperspectral,avocado and four other fruits,,"Avocado.zip 77,300,002,282 bytes; v1 paper reports 1,038 avocado recordings with 180 destructively labeled","ripeness; flesh firmness; sugar where applicable",NO VERIFIED LICENSE,public links but reuse terms absent,METADATA_ONLY_LICENSE_BLOCK,data/raw/DeepHS-Fruit-annotations,162000,14275450E362684BC379A5AAF6C845CF82B0F9D5912036B9401D59A4B964A3F3,https://github.com/cogsys-tuebingen/deephs_fruit,https://cogsys.cs.uni-tuebingen.de/webprojects/DeepHS-Fruit-2023-Datasets/Avocado.zip,10.1109/IJCNN52387.2021.9533728,Schema and identifiability audit only,"Official source repository commit 5f47812a3fb5bd8f0ed5367cedf9b464f83076c1; 72 GiB avocado cube was not downloaded because neither repository nor data index states reuse terms."
ripetrack_2026,RipeTrack: Assessing Fruit Ripeness and Remaining Lifetime Using Smartphones,IEEE TMC 25(1),2026,"HSI; RGB+NIR; ethylene",avocado and other fruit,"13 avocado; 48 total","694 avocado HSI images; 347 avocado ethylene readings; 1,913 HSI images and 1,144 gas readings overall","ethylene-curve-derived stage and percentage remaining life",NO VERIFIED DATASET LICENSE,public Google Drive links but reuse terms absent,CODE_ONLY_LICENSE_BLOCK,data/raw/source_repositories/RipeTrack,,bf2a152eadfb322d55bb6345b34002e75fe97fb7,https://github.com/ShahzaibWaseem/RipeTrack,https://drive.google.com/file/d/1Cvn5mscBfjVlfbTcEUSBGPXNkB9n8Ak2/view,10.1109/TMC.2025.3599917,Literature comparison only,"Full data were not downloaded because no dataset license is provided; Hass independent n=3 and organic avocado n=10."
davur_hass_hsi_2023,Estimating the Ripeness of Hass Avocado Fruit Using Deep Learning with Hyperspectral Imaging,,2023,hyperspectral longitudinal,Hass avocado,80,"551 source images; 44,096 reported subimages","days to ripeness from force threshold",Article CC BY; data not licensed,unavailable due IP arrangements,NOT_ACQUIRED_UNAVAILABLE,,,,https://doi.org/10.3390/horticulturae9050599,,10.3390/horticulturae9050599,Critical literature audit only,"Published patch split allocates patches from each source image across train/validation/test and therefore directly leaks source images and fruits."
han_hass_shepard_hsi_2023,Predicting the ripening time of 'Hass' and 'Shepard' avocado fruit by hyperspectral imaging,,2023,hyperspectral,Hass and Shepard avocado,"316 Hass; 160 Shepard",476 fruit images,"ripeness/remnant lifetime",Not publicly stated,reasonable request,NOT_ACQUIRED_REQUEST_ONLY,,,,https://link.springer.com/article/10.1007/s11119-023-10022-y,,10.1007/s11119-023-10022-y,Literature comparison only,"Fruit-level PLSR split is more credible; DCNN subimage split may leak fruit identity."
lee_mobile_avocado_2025,Explainable AI and mobile imaging for non-destructive avocado ripeness and internal quality assessment,article 11:101196,2025,smartphone RGB,Hass avocado,140,"1,400 images; 10 per fruit; two 70-fruit batches","firmness; external stage; internal fresh/rotten",Article CC BY-NC-ND; raw data not separately licensed,reasonable request,NOT_ACQUIRED_REQUEST_ONLY,,,,https://pmc.ncbi.nlm.nih.gov/articles/PMC12476098/,,10.1016/j.crfs.2025.101196,Literature and cross-batch benchmark only,"Random image splits can leak fruit identity; supplementary cross-batch results are more credible."
pinto_avocado_hsi_2019,"Classification of Hass avocado (Persea americana Mill.) in terms of its ripening via hyperspectral images",,2019,hyperspectral longitudinal,Hass avocado,7,"approximately 10 days per fruit","three ripeness stages",Article CC BY-NC-SA; data unavailable,dataset unavailable,NOT_ACQUIRED_UNAVAILABLE,,,,https://revistas.itm.edu.co/index.php/tecnologicas/article/view/1232,,10.22430/22565337.1232,Literature only,"Too few independent fruits for model training."
avocado_leaf_water_figshare_2024,Multi-spectral and hyperspectral image dataset for crop health status,2,2024,"multispectral TIFF; 350-2500 nm spectra",avocado leaves and other crops,"106 avocado leaves","five dehydration stages","leaf weight; chlorophyll; nitrogen; fuel moisture",LICENSE NOT VERIFIED,public landing,NOT_ACQUIRED_OUT_OF_SCOPE,,,,https://figshare.com/articles/dataset/_b_A_multi-spectral_and_hyperspectral_image_dataset_for_evaluating_the_health_status_of_avocado_olive_and_vineyard_b_/26950660,,10.6084/m9.figshare.26950660.v2,Method development only,"Leaf water-status data must not be presented as fruit-ripeness validation."
